onet_soc_code,E_j,classification,S,uncertain
11-1011.00,68.3223383409536,Complemented,0.9787999680026586,FALSE
11-1011.03,81.84932722164721,Complemented,0.9999992151180029,FALSE
11-1021.00,77.29460448830176,Complemented,0.9935815343276287,FALSE
11-2011.00,75.03250354701407,Complemented,0.9822534643101146,FALSE
11-2021.00,78.08018661612482,Complemented,0.9845848977540763,FALSE
11-2022.00,74.86388012618295,Complemented,0.9791197683960562,FALSE
11-2033.00,75.03724736930016,Complemented,0.981699345292425,FALSE
11-3012.00,76.17681258549932,Complemented,0.9985014382137403,FALSE
11-3013.00,73.8794622160408,Complemented,0.9989815471880598,FALSE
11-3013.01,74.59437427214907,Complemented,0.999999501912058,FALSE
11-3021.00,77.44653799019606,Complemented,0.9999768056040329,FALSE
11-3031.00,79.68514612835192,Complemented,0.9685148578937431,FALSE
11-3031.01,79.47839540280691,Complemented,0.9682759807721779,FALSE
11-3031.03,83.49518161601186,Complemented,0.9851435811906161,FALSE
11-3051.00,78.82754316621595,Complemented,0.9778848477139248,FALSE
11-3051.01,80.41145734372034,Complemented,0.987971511466297,FALSE
11-3051.02,74.83182425411904,Complemented,0.9993250277200951,FALSE
11-3051.03,72.46355633802818,Complemented,0.9918385229267288,FALSE
11-3051.04,75.68845524017468,Complemented,0.9834564747426919,FALSE
11-3051.06,73.9603752450294,Complemented,0.9993114223302293,FALSE
11-3061.00,79.4812834224599,Complemented,0.9379246835048461,FALSE
11-3071.00,80.1045392022008,Complemented,0.9566009680641289,FALSE
11-3071.04,82.92162087659652,Complemented,0.9479784321086027,FALSE
11-3111.00,78.42275659824047,Complemented,0.9858954853919006,FALSE
11-3121.00,75.90714578214579,Complemented,0.9882779409362578,FALSE
11-3131.00,77.98758939840135,Complemented,0.9999999699330352,FALSE
11-9013.00,73.68657683337653,Complemented,0.9926051841143192,FALSE
11-9021.00,72.98652570480931,Complemented,0.9999831663357442,FALSE
11-9031.00,71.12563641808926,Complemented,0.9757926491931596,FALSE
11-9032.00,68.67603705195326,Complemented,0.9683345672278034,FALSE
11-9033.00,70.09896824601823,Complemented,0.9708335617725999,FALSE
11-9041.00,77.01148159798682,Complemented,0.9999999999999998,FALSE
11-9041.01,79.59752661239824,Complemented,0.9992659768764736,FALSE
11-9051.00,68.77812954564904,Complemented,0.966124666901388,FALSE
11-9071.00,78.99047501237013,Complemented,0.8954006676523519,FALSE
11-9072.00,64.5305281741945,Complemented,0.973410513860348,FALSE
11-9081.00,71.19505079971836,Complemented,0.9751604593959482,FALSE
11-9111.00,75.58996926515786,Complemented,0.9814910168048435,FALSE
11-9121.00,76.3758234519104,Complemented,0.9999999896864327,FALSE
11-9121.01,74.65674053554942,Complemented,0.9938170262516942,FALSE
11-9121.02,79.5630263515349,Complemented,0.9956371423473394,FALSE
11-9131.00,74.06654240447344,Complemented,0.8936475121067272,FALSE
11-9141.00,71.5444289044289,Complemented,0.9758970652485831,FALSE
11-9151.00,72.44549082202714,Complemented,0.999206318115787,FALSE
11-9161.00,71.23266042629977,Complemented,0.9896772833781529,FALSE
11-9171.00,64.9205551305868,Complemented,0.9584751953822839,FALSE
11-9179.01,71.16770118697593,Complemented,0.9401373232280453,FALSE
11-9179.02,74.09847159024618,Complemented,0.9282959868675014,FALSE
11-9199.01,80.23302365673787,Complemented,0.9991251582961229,FALSE
11-9199.02,80.41627379081544,Complemented,0.9979739937432717,FALSE
11-9199.08,74.63089668615983,Complemented,0.9639914609514946,FALSE
11-9199.09,75.76745645692768,Complemented,0.9738995098602985,FALSE
11-9199.10,80.44131876007886,Complemented,0.9991978989446136,FALSE
11-9199.11,77.64048991354467,Complemented,0.9994780625246997,FALSE
13-1011.00,75.51842610364685,Complemented,0.9561748582296987,FALSE
13-1021.00,77.06485875706215,Complemented,0.929103677991095,FALSE
13-1022.00,77.79843880680234,Complemented,0.9397576013686182,FALSE
13-1023.00,79.15048999865755,Complemented,0.8947495931739176,FALSE
13-1031.00,80.35480794242606,Complemented,0.9100768886973113,FALSE
13-1032.00,80.47741935483872,Complemented,0.8745788065111888,FALSE
13-1041.00,77.20027037466203,Complemented,0.8786149374642015,FALSE
13-1041.01,76.07977069568595,Complemented,0.9669037451366052,FALSE
13-1041.03,75.22567826801864,Complemented,0.9848788357287626,FALSE
13-1041.04,69.50131291028445,Complemented,0.960725972283779,FALSE
13-1041.06,63.012084921066965,Complemented,0.9787492349954612,FALSE
13-1041.07,82.9448100377292,Complemented,0.97852938265998,FALSE
13-1041.08,81.70451810524014,Substituted,0.8907603218336496,FALSE
13-1051.00,81.96769429573564,Complemented,0.9356398251519903,FALSE
13-1071.00,80.40279878971255,Complemented,0.8992735676289209,FALSE
13-1074.00,47.19229469415343,Complemented,0.9473338497038929,FALSE
13-1075.00,76.33291040406012,Complemented,0.9811768955954868,FALSE
13-1081.00,78.84693511769626,Complemented,0.998943857627433,FALSE
13-1081.01,84.71820541342234,Complemented,0.9476336958767786,FALSE
13-1081.02,85.93820706205001,Substituted,0.8555486352465956,FALSE
13-1111.00,79.83456051541647,Complemented,0.949401104345138,FALSE
13-1121.00,75.61169252977264,Complemented,0.9675095319131252,FALSE
13-1131.00,78.03402771231974,Complemented,0.9425319147907948,FALSE
13-1141.00,79.18811225840616,Complemented,0.9724034927955351,FALSE
13-1151.00,77.98897535667965,Complemented,0.9669319352915035,FALSE
13-1161.00,84.21821338992862,Complemented,0.9045462940747724,FALSE
13-1161.01,83.53231158160848,Complemented,0.9595806032957277,FALSE
13-1199.04,81.50885422774715,Complemented,0.9861672025599602,FALSE
13-1199.05,83.94206408345752,Complemented,0.9750883842483862,FALSE
13-1199.06,83.48541883648265,Substituted,0.9222256017474699,FALSE
13-1199.07,75.73797659056672,Complemented,0.985061770279656,FALSE
13-2011.00,84.67576429742503,Complemented,0.8953356167610286,FALSE
13-2022.00,78.82505792783846,Complemented,0.9042510516260011,FALSE
13-2023.00,82.160518444666,Substituted,0.8733784026715727,FALSE
13-2031.00,82.38406359053894,Complemented,0.88625381285566,FALSE
13-2041.00,86.04743790557171,Substituted,0.8780449970801532,FALSE
13-2052.00,81.80345170101813,Complemented,0.9717060887419955,FALSE
13-2053.00,86.57828454731107,Substituted,0.8726122110181297,FALSE
13-2061.00,79.84674271990392,Complemented,0.9633710045915701,FALSE
13-2071.00,82.39507537688445,Complemented,0.9476899738425005,FALSE
13-2072.00,82.1340707964602,Complemented,0.9082106483894815,FALSE
13-2081.00,80.61978990172823,Complemented,0.9132705963474034,FALSE
13-2082.00,86.64551882285495,Substituted,0.880300195498108,FALSE
13-2099.01,85.01358381502892,Complemented,0.9716688170993987,FALSE
13-2099.04,74.73311996696265,Complemented,0.968766701458703,FALSE
15-1211.00,80.95550930141799,Complemented,0.985501568356963,FALSE
15-1211.01,80.73729314420801,Complemented,0.9999999691980589,FALSE
15-1212.00,79.37601078167114,Complemented,0.9718167104269135,FALSE
15-1221.00,74.80530463194309,Complemented,0.9954735015788282,FALSE
15-1231.00,79.76147067760557,Complemented,0.9385135851570533,FALSE
15-1232.00,76.83120158529994,Complemented,0.9433971795632012,FALSE
15-1241.00,80.21236627074386,Complemented,0.9784782619177987,FALSE
15-1241.01,79.04019100676483,Complemented,0.934297204056348,FALSE
15-1242.00,80.64015151515149,Complemented,0.9980465563390312,FALSE
15-1243.00,82.13078385801816,Complemented,0.9891615541776516,FALSE
15-1243.01,84.8597887425843,Complemented,0.9454359334486088,FALSE
15-1244.00,79.17508747375787,Complemented,0.9258927474416232,FALSE
15-1251.00,84.36809616634177,Complemented,0.9296070924641741,FALSE
15-1252.00,80.95809963708349,Complemented,0.9457094317315278,FALSE
15-1253.00,82.40469235842833,Complemented,0.9003906615927683,FALSE
15-1254.00,83.02121583027336,Complemented,0.9228905891644543,FALSE
15-1255.01,77.83836138456653,Complemented,0.9999999725535518,FALSE
15-1299.01,81.34198182351217,Complemented,0.9670318047778189,FALSE
15-1299.02,83.0974410436528,Complemented,0.9621278231436519,FALSE
15-1299.03,81.36830762250455,Complemented,0.9778850790169517,FALSE
15-1299.05,83.56862989767909,Complemented,0.9993691859044288,FALSE
15-1299.08,82.95196464597942,Complemented,0.9879046575870127,FALSE
15-1299.09,79.10310004697043,Complemented,0.9988502670173897,FALSE
15-2011.00,81.21055597295266,Complemented,0.92869204120895,FALSE
15-2021.00,81.55672360928601,Complemented,0.9743353581319433,FALSE
15-2031.00,83.01320272572403,Complemented,0.9836768403036532,FALSE
15-2041.00,85.25670103092781,Complemented,0.9653111131948184,FALSE
15-2041.01,84.22957902140058,Complemented,0.9638207229199557,FALSE
15-2051.01,84.21667191931927,Complemented,0.959880707967999,FALSE
15-2051.02,81.97943805874839,Complemented,0.9243689929585317,FALSE
15-2099.01,81.16836141778036,Complemented,0.9837638735396718,FALSE
17-1011.00,78.94877803816539,Complemented,0.9908245516076472,FALSE
17-1012.00,76.68476961890849,Complemented,0.9986371284609636,FALSE
17-1021.00,84.72527472527473,Substituted,0.8275092394997955,FALSE
17-1022.00,77.54796933278078,Complemented,0.9499673037989663,FALSE
17-1022.01,82.13304137722743,Complemented,0.9029974873373835,FALSE
17-2011.00,81.94927536231882,Complemented,0.981190736030191,FALSE
17-2021.00,72.76171643266758,Complemented,0.99401782588084,FALSE
17-2031.00,80.33622497616781,Complemented,0.9893485926047166,FALSE
17-2041.00,81.99218902558093,Complemented,0.9754842394256844,FALSE
17-2051.00,80.00191437521757,Complemented,0.978969038475835,FALSE
17-2051.01,80.7160416010085,Complemented,0.9876913135232377,FALSE
17-2051.02,80.63838095238096,Complemented,0.9906378509371226,FALSE
17-2061.00,80.33619763694952,Complemented,0.9834674236903894,FALSE
17-2071.00,79.24733876017534,Complemented,0.9943925296673685,FALSE
17-2072.00,79.12114405510633,Complemented,0.9989105100883374,FALSE
17-2072.01,77.08245858100418,Complemented,0.9865431555567317,FALSE
17-2081.00,77.97539026629937,Complemented,0.9952241713999552,FALSE
17-2111.00,76.54580430487677,Complemented,0.9899724875347905,FALSE
17-2111.02,75.2297832233742,Complemented,0.9946134266348718,FALSE
17-2112.00,82.53754773016549,Complemented,0.9552551892681678,FALSE
17-2112.01,76.11171792660723,Complemented,0.9881858561393548,FALSE
17-2112.02,75.86911964440053,Complemented,0.9946336142119852,FALSE
17-2112.03,80.82690349587057,Complemented,0.9860140488139497,FALSE
17-2121.00,77.95888743210344,Complemented,0.9858889675131781,FALSE
17-2131.00,77.80406001765223,Complemented,0.988397974054666,FALSE
17-2141.00,79.34672304439746,Complemented,0.9861126443267131,FALSE
17-2141.01,78.76433121019109,Complemented,0.9775028729224713,FALSE
17-2141.02,81.40017295427525,Complemented,0.9995378118460531,FALSE
17-2151.00,78.30943171675094,Complemented,0.9826058068401101,FALSE
17-2161.00,78.76091422701592,Complemented,0.9999999816009046,FALSE
17-2171.00,78.6998722860792,Complemented,0.9850053777676534,FALSE
17-2199.03,80.77521062037276,Complemented,0.9831171197132319,FALSE
17-2199.05,79.55363822855075,Complemented,0.9999999843393053,FALSE
17-2199.06,77.79038505354295,Complemented,0.999572110058795,FALSE
17-2199.07,77.6171620993962,Complemented,0.999999986052282,FALSE
17-2199.08,80.8123493630208,Complemented,0.9759073758676952,FALSE
17-2199.09,80.13150717419659,Complemented,1,FALSE
17-2199.10,79.94790888722926,Complemented,0.9827098505885772,FALSE
17-2199.11,82.23420836751434,Complemented,0.929415576569778,FALSE
17-3011.00,82.48743826497744,Substituted,0.8621205561412753,FALSE
17-3012.00,79.54463400119025,Complemented,0.9129988399133434,FALSE
17-3013.00,80.8761546356483,Complemented,0.8863924998617663,FALSE
17-3021.00,67.0839983200336,Complemented,0.9465452082186313,FALSE
17-3022.00,76.3971618134906,Complemented,0.9974059393109114,FALSE
17-3023.00,75.800538804269,Complemented,0.9756870250006237,FALSE
17-3024.00,72.99149711509263,Complemented,0.961894698944145,FALSE
17-3024.01,70.98632979372638,Complemented,0.9812018223638765,FALSE
17-3025.00,71.88966451344032,Complemented,0.9507485065504554,FALSE
17-3026.00,82.0455298013245,Complemented,0.9127464619036504,FALSE
17-3026.01,74.15739847851707,Complemented,0.9795528930295595,FALSE
17-3027.00,80.33347998240208,Complemented,0.9757130501873247,FALSE
17-3027.01,74.76590144758006,Complemented,0.9964740193763191,FALSE
17-3029.01,76.80715983778492,Complemented,0.9984657050239399,FALSE
17-3029.08,64.25287885766926,Complemented,0.9650796927433684,FALSE
17-3031.00,82.12660451290368,Substituted,0.8414574671736932,FALSE
19-1011.00,79.4704092920354,Complemented,0.9999999842958652,FALSE
19-1012.00,74.76985381272226,Complemented,0.99471669247880945,FALSE
19-1013.00,77.35712712051111,Complemented,0.9996526244915945,FALSE
19-1021.00,81.90675310642895,Complemented,0.9999999919718962,FALSE
19-1022.00,75.91088570911067,Complemented,0.9999719174865743,FALSE
19-1023.00,75.67504051863855,Complemented,0.9755499526541757,FALSE
19-1029.01,81.97174742195227,Complemented,0.9733035014788715,FALSE
19-1029.02,76.48528347406514,Complemented,0.9961485957228869,FALSE
19-1029.03,79.52377770353046,Complemented,0.9865695601604763,FALSE
19-1029.04,73.96881932462409,Complemented,0.9883631524131615,FALSE
19-1031.00,73.79608721882272,Complemented,0.9802780821401046,FALSE
19-1031.02,69.6836995401124,Complemented,0.9949560172147146,FALSE
19-1031.03,65.469130675526,Complemented,0.9836579691318247,FALSE
19-1032.00,68.47714007782099,Complemented,0.9945025948152161,FALSE
19-1041.00,79.04079973992198,Complemented,0.9956015836936004,FALSE
19-1042.00,77.23265093684941,Complemented,0.9935329599662095,FALSE
19-2011.00,73.90869434416366,Complemented,0.9900360866337726,FALSE
19-2012.00,84.45599797108801,Complemented,0.9987059789798192,FALSE
19-2021.00,82.09386992029911,Complemented,0.9761456693787166,FALSE
19-2031.00,76.56333765672287,Complemented,0.9981412751680911,FALSE
19-2032.00,77.5109350237718,Complemented,0.995509322357049,FALSE
19-2041.00,79.37956012116422,Complemented,0.9988997185541332,FALSE
19-2041.01,83.19329491880566,Complemented,0.9983130421442695,FALSE
19-2041.02,79.93712943282247,Complemented,0.9999999557547997,FALSE
19-2041.03,83.06996509333742,Complemented,0.9843893080563305,FALSE
19-2042.00,78.90038743004737,Complemented,0.9996131476021528,FALSE
19-2043.00,76.92002262443441,Complemented,0.9994134783817878,FALSE
19-2099.01,78.72379206212253,Complemented,0.9438100011065071,FALSE
19-3011.00,81.28332707472775,Complemented,0.9999999478634698,FALSE
19-3011.01,83.95163544870002,Complemented,0.9994617799080332,FALSE
19-3022.00,80.19203606311045,Complemented,0.9435143980277388,FALSE
19-3032.00,79.04864311315923,Complemented,0.9994552395010949,FALSE
19-3033.00,71.2235758407687,Complemented,0.9906931032127726,FALSE
19-3034.00,70.2422409258285,Complemented,0.9732031364801231,FALSE
19-3039.02,72.8074460916442,Complemented,0.9946750803551042,FALSE
19-3039.03,71.54791745790607,Complemented,0.9961297552814498,FALSE
19-3041.00,75.79473144030105,Complemented,0.9999778977194458,FALSE
19-3051.00,77.6076873798847,Complemented,0.9988069877004347,FALSE
19-3091.00,71.17936493658364,Complemented,0.9918772235318735,FALSE
19-3092.00,79.9534983853606,Complemented,0.9180549306848207,FALSE
19-3093.00,76.45115476506507,Complemented,0.9865360727855998,FALSE
19-3094.00,75.24131082423038,Complemented,0.9980061189358956,FALSE
19-3099.01,81.77764608273083,Complemented,0.9854984565428715,FALSE
19-4012.00,65.29740093736683,Complemented,0.9491891638190668,FALSE
19-4012.01,84.48552730933804,Substituted,0.8585585161139956,FALSE
19-4013.00,70.56409870598856,Complemented,0.8969828357728471,FALSE
19-4021.00,68.6301943198804,Complemented,0.989543825536946,FALSE
19-4031.00,72.9261345852895,Complemented,0.9922654097506639,FALSE
19-4042.00,70.237332723321515,Complemented,0.9606522414547303,FALSE
19-4043.00,71.71351221273012,Complemented,0.927587353884052,FALSE
19-4051.00,68.80933567456833,Complemented,0.9886415404464598,FALSE
19-4051.02,72.48268809349891,Complemented,0.9049137931143019,FALSE
19-4061.00,79.14479166666666,Complemented,0.9149915300143111,FALSE
19-4071.00,66.51834729846865,Complemented,0.9323859329406224,FALSE
19-4092.00,71.98688390203914,Complemented,0.9608395268842089,FALSE
19-4099.01,78.41217026378895,Complemented,0.9512841150349545,FALSE
19-4099.03,80.41467043594704,Complemented,0.9318878334462877,FALSE
19-5011.00,71.4312559467174,Complemented,0.9659122571968439,FALSE
19-5012.00,69.24424759641353,Complemented,0.9715611936918324,FALSE
21-1011.00,63.00808141275066,Complemented,0.9598992565764944,FALSE
21-1012.00,65.89340519499962,Complemented,0.9558271859176017,FALSE
21-1013.00,64.964124812281,Complemented,0.9789026814918413,FALSE
21-1014.00,61.89466840052016,Complemented,0.9225955384515621,FALSE
21-1015.00,67.07264407264407,Complemented,0.9825808367397714,FALSE
21-1021.00,61.48625744388454,Complemented,0.9697737873317078,FALSE
21-1022.00,67.17986655062374,Complemented,0.9746299310341157,FALSE
21-1023.00,67.23375870069607,Complemented,0.9869528977061901,FALSE
21-1091.00,76.72736204355655,Complemented,0.9489403839993026,FALSE
21-1092.00,67.26321825897466,Complemented,0.9788028401645581,FALSE
21-1093.00,65.8559155990957,Complemented,0.9448321824336944,FALSE
21-1094.00,65.25936571811822,Complemented,0.9784471823720341,FALSE
21-2011.00,50.37266088544044,Complemented,0.9564702177780641,FALSE
21-2021.00,66.68768942127292,Complemented,0.9405910229041917,FALSE
23-1011.00,74.88820844004007,Complemented,0.9735211964272453,FALSE
23-1012.00,75.71182531139475,Complemented,0.9456545825600298,FALSE
23-1021.00,73.79555997349239,Complemented,0.9516430019650898,FALSE
23-1022.00,73.49066390041494,Complemented,0.9488392466145672,FALSE
23-1023.00,55.38984557271415,Complemented,0.9413736278924104,FALSE
23-2011.00,75.78347183748843,Complemented,0.9407686508042571,FALSE
23-2093.00,84.09313504581641,Substituted,0.8648724411236891,FALSE
25-1011.00,65.95428045412703,Complemented,0.9489111583792038,FALSE
25-1021.00,68.079928599762,Complemented,0.9553852074060886,FALSE
25-1022.00,66.55602887232278,Complemented,0.9540393349383487,FALSE
25-1031.00,65.04308943089428,Complemented,0.9496990794869811,FALSE
25-1032.00,66.35308137555327,Complemented,0.9732501634238964,FALSE
25-1041.00,65.10054286360554,Complemented,0.9445231273084622,FALSE
25-1042.00,65.29597529388323,Complemented,0.949129204513849,FALSE
25-1043.00,66.35395728643218,Complemented,0.9460781994121304,FALSE
25-1051.00,66.12505451373744,Complemented,0.9439083389104546,FALSE
25-1052.00,63.62654552266767,Complemented,0.963117017589979,FALSE
25-1053.00,66.6888528138528,Complemented,0.9570300726024258,FALSE
25-1054.00,64.39262766317212,Complemented,0.959036685940317,FALSE
25-1061.00,64.23269045323049,Complemented,0.9441744990248244,FALSE
25-1062.00,66.09173893199456,Complemented,0.9317769002902135,FALSE
25-1063.00,64.99418388813265,Complemented,0.9402310422379245,FALSE
25-1064.00,66.67962231005711,Complemented,0.9510459648487872,FALSE
25-1065.00,64.30092702638461,Complemented,0.9395103688605937,FALSE
25-1066.00,65.92652329749106,Complemented,0.9566215490907133,FALSE
25-1067.00,64.24114117513867,Complemented,0.9443853495725372,FALSE
25-1071.00,65.46806515879527,Complemented,0.9467793586607847,FALSE
25-1072.00,61.82495961914477,Complemented,0.937789354636213,FALSE
25-1081.00,67.61308497182938,Complemented,0.9686031901136876,FALSE
25-1082.00,67.27696822505565,Complemented,0.9447366132390612,FALSE
25-1111.00,66.013174475885,Complemented,0.9406806041206995,FALSE
25-1112.00,66.77299480669357,Complemented,0.9599447031836397,FALSE
25-1113.00,63.30367772108844,Complemented,0.9306623198547616,FALSE
25-1121.00,63.014640883977904,Complemented,0.9381324846474105,FALSE
25-1122.00,64.37277071919804,Complemented,0.9397408952194566,FALSE
25-1123.00,66.34929647000737,Complemented,0.9528613512608379,FALSE
25-1124.00,66.36258064516132,Complemented,0.9465139267022192,FALSE
25-1125.00,67.0259012580611,Complemented,0.9520810130486413,FALSE
25-1126.00,66.80284788145404,Complemented,0.9418781442739326,FALSE
25-1192.00,66.70712765957447,Complemented,0.9540161904541968,FALSE
25-1193.00,67.63345356176737,Complemented,0.9649802748869991,FALSE
25-1194.00,71.66679007774898,Complemented,0.9568641014379954,FALSE
25-2011.00,47.872256888452625,Complemented,0.9317873994443171,FALSE
25-2012.00,53.24362129257868,Complemented,0.9337696421766328,FALSE
25-2021.00,62.9128857779192,Complemented,0.9623248978300187,FALSE
25-2022.00,62.00045092439501,Complemented,0.9475244536142219,FALSE
25-2023.00,60.13467639593909,Complemented,0.9540723494359463,FALSE
25-2031.00,63.31073973532408,Complemented,0.95827607486802,FALSE
25-2032.00,61.88852763585694,Complemented,0.9525192977141158,FALSE
25-2051.00,56.93494764397903,Complemented,0.9470846247659761,FALSE
25-2056.00,62.84345365555215,Complemented,0.9528288129939385,FALSE
25-2057.00,62.026165884194064,Complemented,0.9498713855787255,FALSE
25-2058.00,61.787845938018094,Complemented,0.9557382581493941,FALSE
25-2059.01,65.44443129364421,Complemented,0.9532489632516263,FALSE
25-3011.00,69.4161399382625,Complemented,0.9732908535634276,FALSE
25-3021.00,66.09256139728699,Complemented,0.9485084925924443,FALSE
25-3031.00,46.21955065037445,Unexposed,0.9453358757814411,FALSE
25-3041.00,77.45273432277043,Complemented,0.947087011344014,FALSE
25-4011.00,77.33351558228541,Complemented,0.9969351379788508,FALSE
25-4012.00,69.54684651841048,Complemented,0.9694116105982925,FALSE
25-4013.00,61.21995837441123,Complemented,0.9499808782873568,FALSE
25-4022.00,71.79502814258913,Complemented,0.9343726033956418,FALSE
25-4031.00,71.01107400246089,Substituted,0.8953286191152602,FALSE
25-9021.00,67.63674911660777,Complemented,0.9275179126716102,FALSE
25-9031.00,71.833,Complemented,0.9999286352453969,FALSE
25-9042.00,53.20268444284301,Complemented,0.9197933354302877,FALSE
25-9043.00,50.50343270099368,Complemented,0.9085786833790784,FALSE
25-9044.00,64.8077797085951,Complemented,0.9507376455240613,FALSE
27-1011.00,73.41138186771606,Complemented,0.9807596278904808,FALSE
27-1012.00,64.05236867547535,Complemented,0.9640085345919203,FALSE
27-1013.00,62.16839959225279,Complemented,0.9289909453622732,FALSE
27-1014.00,83.27068607068608,Complemented,0.9749330738146126,FALSE
27-1021.00,76.33072178696447,Complemented,0.9900192672362934,FALSE
27-1022.00,67.08271363339855,Complemented,0.9771423019913168,FALSE
27-1023.00,50.57985218508996,Complemented,0.9687749045058551,FALSE
27-1024.00,82.19766536964981,Complemented,0.8850385760529745,FALSE
27-1025.00,80.66701807228914,Complemented,0.9763776963771817,FALSE
27-1026.00,60.34005420054201,Complemented,0.9421197167955437,FALSE
27-1027.00,72.12798182506626,Complemented,0.9895921368379635,FALSE
27-2011.00,45.33003533568905,Complemented,0.9271659102130713,FALSE
27-2012.00,71.42594198708683,Complemented,0.9734061304076355,FALSE
27-2012.03,72.62570356472794,Complemented,0.9405380245768599,FALSE
27-2012.04,70.66303407714928,Complemented,0.9769368326015874,FALSE
27-2012.05,71.5747088186356,Complemented,0.9964770369917615,FALSE
27-2021.00,44.24307518371962,Complemented,0.9502542013725482,FALSE
27-2022.00,65.11739888104192,Complemented,0.9496681555075926,FALSE
27-2023.00,69.50059101654846,Complemented,0.9157035502582216,FALSE
27-2031.00,35.88304721030043,Unexposed,0.9228319012584519,FALSE
27-2032.00,56.00499785806083,Complemented,0.9453558181468799,FALSE
27-2041.00,71.40789234406256,Complemented,0.9677443972022509,FALSE
27-2042.00,58.46404174573056,Complemented,0.9505145162701527,FALSE
27-3011.00,73.12753315649867,Complemented,0.9069330598387452,FALSE
27-3023.00,75.63359152058705,Complemented,0.9804520093028155,FALSE
27-3031.00,76.7431007079902,Complemented,0.9959624641848764,FALSE
27-3041.00,76.32696752219923,Complemented,0.9595428820659194,FALSE
27-3042.00,81.6142270861833,Complemented,0.9331850772352415,FALSE
27-3043.00,80.59930861093652,Complemented,0.9192223504586666,FALSE
27-3043.05,72.62486317435497,Complemented,0.9999137869699802,FALSE
27-3091.00,76.49051833122631,Complemented,0.8783368543976561,FALSE
27-3092.00,79.37162367223065,Substituted,0.8491618715671676,FALSE
27-4011.00,70.08663442741025,Complemented,0.909903313473089,FALSE
27-4012.00,73.53204946662888,Complemented,0.9133127185663009,FALSE
27-4014.00,70.6360722119116,Complemented,0.9485081460218366,FALSE
27-4021.00,63.24141341485344,Complemented,0.9095387720153507,FALSE
27-4031.00,66.07471994456634,Complemented,0.9787526807873466,FALSE
27-4032.00,78.52488835638822,Complemented,0.9777284479321234,FALSE
29-1011.00,70.33306899286279,Complemented,0.9738875042288352,FALSE
29-1021.00,57.30173316273118,Complemented,0.9339637668516231,FALSE
29-1022.00,54.128952042628775,Complemented,0.9519405891658203,FALSE
29-1023.00,67.31742424242425,Complemented,0.9723443738862214,FALSE
29-1024.00,53.98725751236211,Complemented,0.9410059415383714,FALSE
29-1031.00,76.61627194773374,Complemented,0.9984993245070576,FALSE
29-1041.00,69.6176217147781,Complemented,0.9853729205890968,FALSE
29-1051.00,79.96295381575698,Complemented,0.9497658090402054,FALSE
29-1071.00,70.15869525380248,Complemented,0.974811040229987,FALSE
29-1071.01,63.436983176504135,Complemented,0.9612452452625659,FALSE
29-1081.00,61.29888268156424,Complemented,0.9479598193667227,FALSE
29-1122.00,71.32964695874097,Complemented,0.9999462168797651,FALSE
29-1122.01,61.18987197073616,Complemented,0.9603117856228415,FALSE
29-1123.00,67.20963808408935,Complemented,0.9661574301750444,FALSE
29-1124.00,68.886674086815745,Complemented,0.9387840105106693,FALSE
29-1125.00,64.23158756137481,Complemented,0.9678880996416056,FALSE
29-1126.00,63.4340737721622,Complemented,0.9343544018458897,FALSE
29-1127.00,72.35987165346434,Complemented,0.9856647617381119,FALSE
29-1128.00,70.77730844793713,Complemented,0.9865515268324074,FALSE
29-1129.01,62.41407362212731,Complemented,0.9733465336594791,FALSE
29-1129.02,64.22469037155412,Complemented,0.9754656683589441,FALSE
29-1131.00,63.260606751824795,Complemented,0.9498101884447413,FALSE
29-1141.00,69.61834448015287,Complemented,0.9840159580864727,FALSE
29-1141.01,68.95977158442,Complemented,0.9880557654200716,FALSE
29-1141.02,70.5074210578743,Complemented,0.9819736436111788,FALSE
29-1141.03,66.92385953396783,Complemented,0.9787446383825569,FALSE
29-1141.04,73.48530860144454,Complemented,0.9951903345627284,FALSE
29-1151.00,63.02542372881357,Complemented,0.9804654102118927,FALSE
29-1161.00,68.09521321070234,Complemented,0.9623839581973599,FALSE
29-1171.00,77.35156569372907,Complemented,0.9942226593684649,FALSE
29-1181.00,70.5100191856747,Complemented,0.9926606730649717,FALSE
29-1211.00,70.21391818883458,Complemented,0.9707216863305842,FALSE
29-1213.00,74.52164333851735,Complemented,0.9860617761743327,FALSE
29-1214.00,69.13844633814992,Complemented,0.9808605538378498,FALSE
29-1215.00,76.32939001848428,Complemented,0.9986576987381978,FALSE
29-1216.00,75.5923362809176,Complemented,0.9853154299469856,FALSE
29-1217.00,75.66898258303989,Complemented,0.9999605504943682,FALSE
29-1218.00,69.82760180995474,Complemented,0.9887249631965355,FALSE
29-1221.00,73.0347193056139,Complemented,0.9923401722776987,FALSE
29-1222.00,76.78443959429968,Complemented,0.9912482481465097,FALSE
29-1223.00,69.62945610103891,Complemented,0.9904269783943607,FALSE
29-1224.00,76.4763599389934,Complemented,0.9755494312561993,FALSE
29-1229.01,72.07781550650822,Complemented,0.9811131764381447,FALSE
29-1229.02,71.00650277557492,Complemented,0.9906423195311672,FALSE
29-1229.03,69.57278382581649,Complemented,0.9780435058442435,FALSE
29-1229.04,73.28782061127325,Complemented,0.9999999058692909,FALSE
29-1229.05,77.90523036563371,Complemented,0.9999996009972143,FALSE
29-1229.06,70.16874879876993,Complemented,0.986882701150121,FALSE
29-1241.00,76.48108448928122,Complemented,0.9996621657600568,FALSE
29-1291.00,58.718867451766485,Complemented,0.9988863573005436,FALSE
29-1292.00,53.79766763848397,Complemented,0.9577429839794662,FALSE
29-1299.01,63.81429942418428,Complemented,0.9770340454643868,FALSE
29-1299.02,70.27680397312298,Complemented,0.9999474340783654,FALSE
29-2011.00,72.35558129433907,Complemented,0.965503756907569,FALSE
29-2011.01,72.38908907466127,Complemented,0.9136009720763658,FALSE
29-2011.02,70.84874389392881,Complemented,0.8617187665244976,FALSE
29-2011.04,65.39092904169715,Complemented,0.9852743733730426,FALSE
29-2012.00,70.40291673732408,Complemented,0.9502070793662376,FALSE
29-2012.01,49.22142857142857,Complemented,0.9016532999789392,FALSE
29-2031.00,66.64213869772367,Complemented,0.9588592239501356,FALSE
29-2032.00,62.7071960297767,Complemented,0.9251827198831912,FALSE
29-2033.00,72.34939292172565,Complemented,0.9448592807199416,FALSE
29-2034.00,64.73532273759326,Complemented,0.9251013587637089,FALSE
29-2035.00,61.868223597824056,Complemented,0.9713137317850483,FALSE
29-2036.00,77.58870356330551,Complemented,0.9488287932451527,FALSE
29-2051.00,70.97471807930157,Complemented,0.9487199756997471,FALSE
29-2052.00,71.52366673805955,Complemented,0.8735867238525554,FALSE
29-2053.00,49.984080188679265,Complemented,0.9462529240277066,FALSE
29-2055.00,50.104023684564645,Complemented,0.9027990754093876,FALSE
29-2056.00,49.86073228579899,Complemented,0.9360383633149314,FALSE
29-2057.00,61.50819484240687,Complemented,0.9737413863250466,FALSE
29-2061.00,52.77680026067123,Complemented,0.9449937194222318,FALSE
29-2081.00,65.8057246608993,Complemented,0.9324935222389159,FALSE
29-2091.00,62.566488525620855,Complemented,0.9492569233847296,FALSE
29-2092.00,60.37245728234337,Complemented,0.9724310402609101,FALSE
29-2099.01,69.95166935918147,Complemented,0.9775871905916921,FALSE
29-2099.05,68.7471229093141,Complemented,0.9779765831239883,FALSE
29-2099.08,77.9912263210369,Complemented,0.9568123112703293,FALSE
29-9091.00,59.05768582030811,Complemented,0.9405046557073337,FALSE
29-9092.00,81.09748743718592,Complemented,0.9999997056237417,FALSE
29-9093.00,42.54697628620662,Unexposed,0.9176146900127042,FALSE
29-9099.01,64.16311166875785,Complemented,0.9716180859209279,FALSE
31-1121.00,37.38785834738618,Unexposed,0.9138306560916698,FALSE
31-1122.00,54.6168518130371,Complemented,0.9287696032273582,FALSE
31-1131.00,45.00028409090911,Unexposed,0.9524939022170064,FALSE
31-1132.00,34.14540844449344,Unexposed,0.8991072027285495,FALSE
31-1133.00,39.893346379647745,Unexposed,0.9353515706566019,FALSE
31-2011.00,60.79456101038909,Complemented,0.9581274808591503,FALSE
31-2012.00,53.408492922564534,Complemented,0.9152562121950701,FALSE
31-2021.00,51.50632038611814,Complemented,0.9186322968438263,FALSE
31-2022.00,46.5191802417236,Complemented,0.8702757889559382,FALSE
31-9011.00,44.313276887047365,Complemented,0.9642922843658939,FALSE
31-9091.00,51.91552975326559,Complemented,0.9042179949829443,FALSE
31-9092.00,60.51553992740474,Complemented,0.9200225070333019,FALSE
31-9093.00,57.09785202863962,Complemented,0.8891319007942082,FALSE
31-9094.00,81.93346980552714,Substituted,0.9509237271814842,FALSE
31-9095.00,67.92854683195593,Complemented,0.933334111062208,FALSE
31-9096.00,49.176050955414006,Complemented,0.9244795560542511,FALSE
31-9097.00,49.10719171389487,Complemented,0.9026279060600454,FALSE
31-9099.01,73.9119386637459,Complemented,0.9700884702086504,FALSE
31-9099.02,48.32530560116767,Complemented,0.8532815830611097,FALSE
33-1011.00,54.603254826645085,Complemented,0.9232511854691967,FALSE
33-1012.00,64.12098861283646,Complemented,0.945511160133677,FALSE
33-1021.00,63.35702495387902,Complemented,0.9608233365271212,FALSE
33-1091.00,71.61084956130966,Complemented,0.9368654005123042,FALSE
33-2011.00,40.10700322964475,Unexposed,0.9195873195163379,FALSE
33-2021.00,61.343617757944145,Complemented,0.9473205035182722,FALSE
33-2022.00,63.24253848570531,Complemented,0.9508674358925033,FALSE
33-3011.00,41.820658164068654,Unexposed,0.9206352246278335,FALSE
33-3012.00,55.89331210191082,Complemented,0.9301188576427541,FALSE
33-3021.00,62.030351681957185,Complemented,0.9384967133632067,FALSE
33-3021.02,65.0140137090632,Complemented,0.9740789600929404,FALSE
33-3021.06,81.93066994468347,Complemented,0.9855028462129086,FALSE
33-3031.00,56.07513066202091,Complemented,0.9313560883367092,FALSE
33-3041.00,60.097292919944465,Complemented,0.9178242062339453,FALSE
33-3051.00,57.565256088680314,Complemented,0.9475569222147663,FALSE
33-3051.04,70.48711893516528,Complemented,0.948365837906352,FALSE
33-3052.00,65.07150390213035,Complemented,0.9816550052195896,FALSE
33-9011.00,48.86431730632045,Complemented,0.9600167031096352,FALSE
33-9021.00,74.77379733879224,Complemented,0.9426539746570026,FALSE
33-9031.00,83.5732501356484,Substituted,0.8318542919058082,FALSE
33-9032.00,63.21948451937103,Complemented,0.9274102172374443,FALSE
33-9091.00,45.067275909002525,Complemented,0.902129485575948,FALSE
33-9092.00,54.07493498049415,Complemented,0.9115704626412174,FALSE
33-9093.00,66.29749999999999,Complemented,0.9358788570645222,FALSE
33-9099.02,73.19633189702796,Complemented,0.9661378836585331,FALSE
35-1011.00,68.53996893296691,Complemented,0.9697516637566355,FALSE
35-1012.00,68.58822401227464,Complemented,0.922536117704302,FALSE
35-2011.00,49.64437231946215,Complemented,0.902824716468783,FALSE
35-2012.00,55.547869471413165,Complemented,0.8854919806864594,FALSE
35-2013.00,46.83330194010172,Complemented,0.9079182737397398,FALSE
35-2014.00,44.7431289640592,Complemented,0.8828070985437129,FALSE
35-2015.00,35.17158401339193,Unexposed,0.9248089590704052,FALSE
35-2021.00,37.45657643919176,Unexposed,0.9034472940143025,FALSE
35-3011.00,42.92027121814357,Complemented,0.9228470521721325,FALSE
35-3023.00,44.20193271948216,Unexposed,0.9100676659011633,FALSE
35-3023.01,42.86895576131688,Unexposed,0.8910657310705955,FALSE
35-3031.00,40.98194214114612,Unexposed,0.9482108955124722,FALSE
35-3041.00,41.32731019178952,Unexposed,0.9776241066521945,FALSE
35-9011.00,25.35356062975706,Unexposed,0.9628440994304135,FALSE
35-9021.00,20.42264150943396,Unexposed,0.9963995307255519,FALSE
35-9031.00,54.43696555094063,Complemented,0.9032604288290585,FALSE
37-1011.00,67.46546434879612,Complemented,0.9687836770110699,FALSE
37-1012.00,65.1340244353943,Complemented,0.9607571170583334,FALSE
37-2011.00,30.760659538838077,Unexposed,0.941937588629123,FALSE
37-2012.00,23.57536304456686,Unexposed,0.9665162869903221,FALSE
37-2021.00,48.524777887462974,Unexposed,0.9456099277608835,FALSE
37-3011.00,39.0004347826087,Unexposed,0.9093848093677067,FALSE
37-3012.00,53.28518242740135,Complemented,0.9077297652307145,FALSE
37-3013.00,30.858937937062947,Unexposed,0.9781422784932489,FALSE
39-1013.00,68.8512182477968,Complemented,0.9002632704255747,FALSE
39-1022.00,70.46856978085353,Complemented,0.994077009418889,FALSE
39-2011.00,38.87559279165348,Unexposed,0.9484018762294092,FALSE
39-2021.00,53.25876460767947,Complemented,0.9057654048758229,FALSE
39-3011.00,55.23584610572409,Complemented,0.8791390513713759,FALSE
39-3012.00,61.427349336057205,Substituted,0.8959141410420318,FALSE
39-3021.00,58.357625624449,Substituted,0.8023931061740469,FALSE
39-3031.00,50.739021899466685,Complemented,0.914853315808752,FALSE
39-3091.00,56.05057123655914,Complemented,0.8441318524333524,FALSE
39-3092.00,54.85670241286863,Complemented,0.9060591382658416,FALSE
39-3093.00,39.22058175407668,Unexposed,0.9368143078310369,FALSE
39-4011.00,28.675571177504395,Unexposed,0.9569153346210874,FALSE
39-4021.00,34.18124258013454,Unexposed,0.9504729715803737,FALSE
39-4031.00,49.5207182320442,Complemented,0.9313756525288733,FALSE
39-5011.00,36.75873285249612,Unexposed,0.9584146986708176,FALSE
39-5012.00,38.72654361678753,Unexposed,0.9236945673350984,FALSE
39-5091.00,51.67641449459631,Complemented,0.9608379848419908,FALSE
39-5092.00,25.962630592017135,Unexposed,0.9698190443267356,FALSE
39-5093.00,43.020833333333336,Complemented,0.8253518886489414,FALSE
39-5094.00,47.27785541862535,Complemented,0.9460276149496142,FALSE
39-6011.00,43.07565180225103,Complemented,0.9302619964329957,FALSE
39-6012.00,63.43162146566646,Substituted,0.8399741866685103,FALSE
39-7011.00,62.68345994935359,Complemented,0.9103044786348133,FALSE
39-7012.00,62.500766764254834,Complemented,0.9372485158779662,FALSE
39-9011.00,41.45279034690801,Unexposed,0.9415356211816005,FALSE
39-9011.01,37.70027640908544,Unexposed,0.8951192378350961,FALSE
39-9031.00,59.39159235668788,Complemented,0.9505037170313365,FALSE
39-9032.00,57.2621635883905,Complemented,0.9291623399106536,FALSE
39-9041.00,54.02378463146889,Complemented,0.9282576770259459,FALSE
41-1011.00,74.04149141752872,Complemented,0.9466062825363813,FALSE
41-1012.00,75.02455132806892,Complemented,0.9395639991492516,FALSE
41-2011.00,66.98243453993271,Substituted,0.8952687871074514,FALSE
41-2012.00,69.78065919357539,Substituted,0.8572003171431836,FALSE
41-2021.00,72.27690465499177,Substituted,0.8972073624651865,FALSE
41-2022.00,69.49742882227518,Complemented,0.9123777405808091,FALSE
41-2031.00,68.12815669119107,Complemented,0.9258986926390554,FALSE
41-3011.00,75.83719812567584,Complemented,0.9448452363894188,FALSE
41-3021.00,78.24530313124582,Complemented,0.9525870621431087,FALSE
41-3031.00,83.88237452977337,Substituted,0.9117932818554766,FALSE
41-3041.00,84.50759280089986,Substituted,0.9309609110245531,FALSE
41-4011.00,78.21855852950662,Complemented,0.9364676112057144,FALSE
41-4011.07,83.79576587795763,Complemented,0.9522802678453685,FALSE
41-4012.00,79.22695417789757,Complemented,0.9511279454019992,FALSE
41-9011.00,60.90899483325506,Complemented,0.9346376247041008,FALSE
41-9012.00,55.86473029045643,Complemented,0.8956798346664145,FALSE
41-9021.00,78.80092869982025,Complemented,0.9485250664378557,FALSE
41-9022.00,76.27438211063165,Complemented,0.9580502451197531,FALSE
41-9031.00,77.61855454450372,Complemented,0.9511069894233968,FALSE
41-9041.00,80.69131523204315,Substituted,0.950087056160411,FALSE
41-9091.00,54.04567257559958,Complemented,0.8408074864455097,FALSE
43-1011.00,76.4139398524683,Complemented,0.9701420613512837,FALSE
43-2011.00,75.72793392504933,Substituted,0.9105547715717898,FALSE
43-2021.00,79.28324908488759,Substituted,0.8798726753630562,FALSE
43-3011.00,82.97962130937098,Substituted,0.9035218391765988,FALSE
43-3021.00,79.09734789391577,Substituted,0.9439437718685976,FALSE
43-3031.00,84.86102794411177,Substituted,0.968107737720804,FALSE
43-3041.00,71.61641923613755,Complemented,0.8570199525279456,FALSE
43-3051.00,83.20979251289933,Substituted,0.9333669489646045,FALSE
43-3061.00,81.55379706445441,Substituted,0.8888901559188526,FALSE
43-3071.00,79.62445706648846,Substituted,0.8886785831163532,FALSE
43-4011.00,80.64893350062738,Substituted,0.9253101097729356,FALSE
43-4021.00,82.34101673508052,Substituted,0.9170387488763868,FALSE
43-4031.00,80.84757544930483,Complemented,0.9033337712194116,FALSE
43-4041.00,85.10344827586206,Substituted,0.974123192464888,FALSE
43-4051.00,83.26053130929795,Substituted,0.8646009424164205,FALSE
43-4061.00,82.30046160302138,Substituted,0.8517949145888454,FALSE
43-4071.00,74.42768046709129,Substituted,0.909484123673323,FALSE
43-4081.00,69.96971402837197,Substituted,0.8987082396161025,FALSE
43-4111.00,73.21668205601725,Complemented,0.8809691430302733,FALSE
43-4121.00,67.07428108545969,Complemented,0.9067693829228184,FALSE
43-4131.00,82.49252778132583,Substituted,0.9049715649556956,FALSE
43-4141.00,77.44105160026128,Substituted,0.8944375396691312,FALSE
43-4151.00,82.53596938775512,Substituted,0.953060801661737,FALSE
43-4161.00,80.5752824858757,Substituted,0.8670128536914824,FALSE
43-4171.00,73.15991085109346,Substituted,0.816495741424774,FALSE
43-4181.00,73.3128354203936,Substituted,0.9050375294536789,FALSE
43-5011.00,70.1950867052023,Complemented,0.9186427643150189,FALSE
43-5011.01,83.39975963344098,Substituted,0.862069679109402,FALSE
43-5021.00,58.67773983235021,Complemented,0.8376558853650095,FALSE
43-5031.00,76.77352976987703,Complemented,0.8884580179999455,FALSE
43-5032.00,82.78094509278745,Substituted,0.8407561857229365,FALSE
43-5041.00,66.6246406570842,Substituted,0.8912861449674782,FALSE
43-5051.00,67.15241727149711,Substituted,0.8307161068503721,FALSE
43-5052.00,56.072317524386136,Complemented,0.9040239230010177,FALSE
43-5053.00,57.023373983739845,Substituted,0.8903550383634139,FALSE
43-5061.00,82.32660090809455,Complemented,0.897384474853483,FALSE
43-5071.00,77.0468568777546,Complemented,0.896296632590067,FALSE
43-5111.00,65.73127327907297,Complemented,0.8974357963786703,FALSE
43-6011.00,80.16181839594866,Substituted,0.8543461118646305,FALSE
43-6012.00,81.36854417851359,Complemented,0.8492689742520585,FALSE
43-6013.00,81.83218496401776,Substituted,0.8839646447196503,FALSE
43-6014.00,77.88253886895609,Substituted,0.8555769239270876,FALSE
43-9021.00,81.13825363825364,Substituted,0.9496631052062809,FALSE
43-9022.00,81.05822240150597,Substituted,0.9466689854469563,FALSE
43-9031.00,81.36405529953915,Substituted,0.7997262142243052,FALSE
43-9041.00,83.8088088088088,Substituted,0.9338815952817039,FALSE
43-9051.00,57.32454361054768,Complemented,0.8510608969839601,FALSE
43-9061.00,74.52083333333333,Substituted,0.8979287112290504,FALSE
43-9071.00,57.68280467445742,Complemented,0.9068908885950614,FALSE
43-9081.00,83.61948249619482,Substituted,0.9280544464875388,FALSE
43-9111.00,81.86687147977472,Substituted,0.91907576155522,FALSE
45-1011.00,65.74487966021707,Complemented,0.9634015970399601,FALSE
45-2011.00,67.0068884654844,Complemented,0.9537537001914665,FALSE
45-2021.00,50.5135264543931,Complemented,0.9232872590669366,FALSE
45-2041.00,64.4939106901218,Complemented,0.8449088942442563,FALSE
45-2091.00,52.90423572744014,Complemented,0.9374382315275787,FALSE
45-2092.00,49.702452025586346,Complemented,0.9629994229648267,FALSE
45-2093.00,47.77255104678211,Complemented,0.9180342477251662,FALSE
45-3031.00,38.835727772760855,Unexposed,0.9287869165030231,FALSE
45-4011.00,40.75057613898245,Unexposed,0.9223615967356191,FALSE
45-4021.00,29.100172025936217,Unexposed,0.9904720507503533,FALSE
45-4022.00,52.70548712206046,Complemented,0.8433231689926618,FALSE
45-4023.00,64.10777626193726,Complemented,0.9129359830257847,FALSE
47-1011.00,69.70134172602287,Complemented,0.9987776461651818,FALSE
47-1011.03,76.25758620689655,Complemented,0.9993407927465525,FALSE
47-2011.00,40.51833665797147,Unexposed,0.9209676845165916,FALSE
47-2021.00,38.485216760384546,Unexposed,0.9749191624265365,FALSE
47-2022.00,26.68755965637926,Unexposed,0.9625138724062223,FALSE
47-2031.00,43.343778301032415,Unexposed,0.9634390837440605,FALSE
47-2041.00,31.455159981973864,Unexposed,0.9628077509154805,FALSE
47-2042.00,31.346090759978136,Unexposed,0.9249655252755214,FALSE
47-2043.00,29.35749265426053,Unexposed,0.9486522955651837,FALSE
47-2044.00,33.94811043665557,Unexposed,0.9835792452687241,FALSE
47-2051.00,31.255923650723982,Unexposed,0.9210686354969659,FALSE
47-2053.00,24.081972202495685,Unexposed,0.9760470083908634,FALSE
47-2061.00,39.10098119378577,Unexposed,0.8874276073199832,FALSE
47-2071.00,38.138426114045785,Unexposed,0.8142615029303719,FALSE
47-2072.00,39.04915854738707,Unexposed,0.858160773148976,FALSE
47-2073.00,51.106804317221965,Complemented,0.935127534231963,FALSE
47-2081.00,30.511540120793775,Unexposed,0.9490782562089642,FALSE
47-2082.00,21.348062859810177,Unexposed,0.9796353580533745,FALSE
47-2111.00,47.50145264381175,Unexposed,0.9389611897912065,FALSE
47-2121.00,36.46227316141356,Unexposed,0.9522514293585619,FALSE
47-2131.00,30.88465636654235,Unexposed,0.9447864880670362,FALSE
47-2132.00,41.61059670781893,Unexposed,0.9797200257130707,FALSE
47-2141.00,35.26586864073082,Unexposed,0.9536126320408395,FALSE
47-2142.00,23.967722140402557,Unexposed,0.981029221302716,FALSE
47-2151.00,42.70689355790936,Unexposed,0.9264335172667759,FALSE
47-2152.00,47.49618929457641,Complemented,0.9278960330618506,FALSE
47-2152.04,44.604242286751365,Complemented,0.9175605338330108,FALSE
47-2161.00,26.35444106720703,Unexposed,0.9674940062923563,FALSE
47-2171.00,33.99005681818182,Unexposed,0.9731538513568534,FALSE
47-2181.00,25.254281067636075,Unexposed,0.9716123372041741,FALSE
47-2211.00,47.52108018737945,Unexposed,0.9676479460876659,FALSE
47-2221.00,34.1015072695745,Unexposed,0.9217492239593127,FALSE
47-2231.00,66.36089203154744,Complemented,0.9222251677929343,FALSE
47-3011.00,28.79096234309623,Unexposed,0.9035963187405402,FALSE
47-3012.00,27.601640838650862,Unexposed,0.920233751848352,FALSE
47-3013.00,25.86363636363636,Unexposed,0.9540248560556875,FALSE
47-3014.00,20.03759979397373,Unexposed,0.9884450417453252,FALSE
47-3015.00,26.112161198288163,Unexposed,0.9518380753619188,FALSE
47-3016.00,21.1432157300237,Unexposed,0.9804821104590516,FALSE
47-4011.00,69.59566307715001,Complemented,0.9911559725095925,FALSE
47-4011.01,78.38681397862372,Complemented,0.9353460962684728,FALSE
47-4021.00,48.192196364478406,Complemented,0.921025007804114,FALSE
47-4031.00,27.180309597523223,Unexposed,0.9822339713871954,FALSE
47-4041.00,52.04765283197352,Complemented,0.8708798130449872,FALSE
47-4051.00,40.91246791841144,Complemented,0.9012121961290247,FALSE
47-4061.00,47.510214350407566,Complemented,0.8667504794626053,FALSE
47-4071.00,40.849399098647964,Unexposed,0.9323349197829229,FALSE
47-4091.00,30.19563392107473,Unexposed,0.9970872284401148,FALSE
47-4099.03,49.361636001989055,Complemented,0.951954561973126,FALSE
47-5011.00,42.25142135186355,Unexposed,0.9299116950379229,FALSE
47-5012.00,50.75194820764898,Complemented,0.9025508079687603,FALSE
47-5013.00,56.89220454844224,Complemented,0.8890718161212711,FALSE
47-5022.00,53.293111491214425,Complemented,0.9345197659276047,FALSE
47-5023.00,55.30166547277938,Complemented,0.8974322284535539,FALSE
47-5032.00,48.70069185737096,Complemented,0.8596250021802844,FALSE
47-5041.00,48.196636085626906,Complemented,0.9518392893708659,FALSE
47-5043.00,34.19230195434881,Unexposed,0.8978385306616254,FALSE
47-5044.00,48.14129787656279,Complemented,0.8659327349786,FALSE
47-5051.00,38.448202959830866,Unexposed,0.9063144876919333,FALSE
47-5071.00,26.204753199268737,Unexposed,0.9272716795650173,FALSE
47-5081.00,36.10424782044147,Unexposed,0.9142504600685087,FALSE
49-1011.00,72.68243074619416,Complemented,0.9661687004782802,FALSE
49-2011.00,66.87240114145943,Complemented,0.9210911007474512,FALSE
49-2021.00,48.36369853645192,Complemented,0.886834425483182,FALSE
49-2022.00,59.74984524382693,Complemented,0.9459435487016137,FALSE
49-2091.00,63.921647509578555,Complemented,0.9208093386304199,FALSE
49-2092.00,43.668709081752546,Unexposed,0.9213694688057837,FALSE
49-2093.00,56.79400475233047,Complemented,0.883093129405791,FALSE
49-2094.00,69.01560701036203,Complemented,0.9810989604017026,FALSE
49-2095.00,66.92891229224946,Complemented,0.9750505173342736,FALSE
49-2096.00,52.13432835820897,Complemented,0.9418027588427405,FALSE
49-2097.00,65.1426930147059,Complemented,0.889401892993129,FALSE
49-2098.00,55.55013509456621,Complemented,0.9581107748043607,FALSE
49-3011.00,56.73716759431044,Complemented,0.9411690878996225,FALSE
49-3021.00,36.47119078104993,Unexposed,0.9376587803845648,FALSE
49-3022.00,33.10049855680923,Unexposed,0.95320271193007,FALSE
49-3023.00,58.53789622808573,Complemented,0.9239932414666057,FALSE
49-3031.00,50.31026066582056,Complemented,0.9069845283712417,FALSE
49-3041.00,51.78716448726773,Complemented,0.8906121299316145,FALSE
49-3042.00,54.178487144454095,Complemented,0.9221215732632383,FALSE
49-3043.00,49.97104247104248,Complemented,0.8938478225947604,FALSE
49-3051.00,44.166731745411944,Unexposed,0.8696490720335002,FALSE
49-3052.00,38.35235076597993,Unexposed,0.8635995870983368,FALSE
49-3053.00,45.803759894459105,Unexposed,0.892356697906006,FALSE
49-3091.00,35.54572813910717,Unexposed,0.9588374548255749,FALSE
49-3092.00,41.96266821009985,Unexposed,0.947453892506071,FALSE
49-3093.00,32.92007193525828,Unexposed,0.9781805463228057,FALSE
49-9011.00,33.15996975588681,Unexposed,0.9704750499449937,FALSE
49-9012.00,48.015778928034734,Complemented,0.8881513631148477,FALSE
49-9021.00,47.477412456562426,Complemented,0.9196032861001875,FALSE
49-9031.00,49.577578171341415,Complemented,0.914668055895243,FALSE
49-9041.00,66.06074097630784,Complemented,0.9259091998207463,FALSE
49-9043.00,51.53002723233481,Complemented,0.912527993333384,FALSE
49-9044.00,38.96673596673597,Unexposed,0.8507384062463867,FALSE
49-9045.00,26.338761345435127,Unexposed,0.9254894550717591,FALSE
49-9051.00,37.733291627567525,Unexposed,0.9602030018491402,FALSE
49-9052.00,36.861969904240766,Unexposed,0.9622185966766669,FALSE
49-9061.00,55.91940505015566,Complemented,0.9512062428625367,FALSE
49-9062.00,66.58034478419529,Complemented,0.9563390654049029,FALSE
49-9063.00,33.409905163329825,Unexposed,0.9697967087554823,FALSE
49-9064.00,46.583282114320816,Unexposed,0.8987434930557336,FALSE
49-9071.00,51.54449195683161,Complemented,0.8928777276614477,FALSE
49-9081.00,67.20028039254957,Complemented,0.9745398685634129,FALSE
49-9091.00,56.34302570585755,Complemented,0.8853704217904761,FALSE
49-9092.00,46.32941176470587,Complemented,0.9203890640123465,FALSE
49-9094.00,34.936499466382074,Unexposed,0.9045741705494307,FALSE
49-9095.00,36.92002268859898,Unexposed,0.9472283097390538,FALSE
49-9096.00,34.597140888735794,Unexposed,0.8943821150030828,FALSE
49-9097.00,43.33052276559864,Complemented,0.8779106725991906,FALSE
49-9098.00,44.314985735861725,Unexposed,0.8722157630021534,FALSE
49-9099.01,64.41170014268468,Complemented,0.9401025896903757,FALSE
51-1011.00,75.0078381795196,Complemented,0.9724961898399933,FALSE
51-2011.00,50.283100107642625,Complemented,0.8552389017641495,FALSE
51-2021.00,47.82042940793754,Unexposed,0.8538183426013815,FALSE
51-2022.00,61.04904153354634,Complemented,0.9117343919090413,FALSE
51-2023.00,49.302916274694255,Complemented,0.9133113227405295,FALSE
51-2031.00,57.52492610837439,Complemented,0.9176052441711934,FALSE
51-2041.00,44.48612515447701,Complemented,0.8592261695166872,FALSE
51-2051.00,36.42157303370787,Unexposed,0.8893535792844357,FALSE
51-2061.00,48.743918053777215,Unexposed,0.8773200736052873,FALSE
51-2092.00,55.81258396775637,Complemented,0.8648060810272138,FALSE
51-3011.00,60.056623242615785,Complemented,0.8543881207687123,FALSE
51-3021.00,46.24582187433891,Complemented,0.8797187879370754,FALSE
51-3022.00,38.53959810874705,Unexposed,0.8619927433731353,FALSE
51-3023.00,30.759138381201044,Unexposed,0.8868651928846635,FALSE
51-3091.00,56.46158658658659,Complemented,0.8578360314990197,FALSE
51-3092.00,61.28940083936068,Complemented,0.9151278824226075,FALSE
51-3093.00,64.24433722021178,Complemented,0.788342268883392,FALSE
51-4021.00,57.23751193127584,Complemented,0.9230252785629652,FALSE
51-4022.00,50.73981191222569,Complemented,0.848265982353063,FALSE
51-4023.00,58.975823045267504,Complemented,0.8754081692105125,FALSE
51-4031.00,49.49036749231019,Complemented,0.8748231273953974,FALSE
51-4032.00,57.020153953813846,Complemented,0.9163286046061748,FALSE
51-4033.00,58.50226120323421,Complemented,0.8634731626275214,FALSE
51-4034.00,58.244926522043386,Complemented,0.8899197720991101,FALSE
51-4035.00,63.134081796311165,Complemented,0.8973979522770686,FALSE
51-4041.00,64.3328681661468,Complemented,0.9334551552999177,FALSE
51-4051.00,60.36926605504587,Complemented,0.8568333756648043,FALSE
51-4052.00,46.47538657965669,Complemented,0.8710087924959865,FALSE
51-4061.00,60.85171908098419,Complemented,0.907579937542194,FALSE
51-4062.00,58.508920526220955,Complemented,0.906854989823188,FALSE
51-4071.00,37.26207605344296,Unexposed,0.8310229081831021,FALSE
51-4072.00,49.965930771327315,Complemented,0.8562487712249254,FALSE
51-4081.00,59.94277505087992,Complemented,0.9071570491090245,FALSE
51-4111.00,61.39342570754717,Complemented,0.8944284796790609,FALSE
51-4121.00,48.25425833924771,Complemented,0.8533143744112092,FALSE
51-4122.00,58.80973491359814,Complemented,0.8722619250671846,FALSE
51-4191.00,60.3432896474652,Complemented,0.8621226338150528,FALSE
51-4192.00,57.72086531751571,Complemented,0.9363692047178065,FALSE
51-4193.00,54.41173345476623,Complemented,0.8758450097592725,FALSE
51-4194.00,54.14569183646292,Complemented,0.8697987048537609,FALSE
51-5111.00,76.896465043205,Substituted,0.8392897080696237,FALSE
51-5112.00,66.99184536393838,Complemented,0.8373791892583881,FALSE
51-5113.00,48.03244310701523,Complemented,0.8587478162386574,FALSE
51-6011.00,43.84101661348882,Unexposed,0.9058497191556951,FALSE
51-6021.00,32.21326255476913,Unexposed,0.9391130381570391,FALSE
51-6031.00,47.56022088926974,Complemented,0.871672767460947,FALSE
51-6041.00,35.62366460184936,Unexposed,0.9423333398417186,FALSE
51-6042.00,47.131920977384986,Unexposed,0.9018503133195201,FALSE
51-6051.00,24.60352155434122,Unexposed,0.9731507808236496,FALSE
51-6052.00,41.03536870203537,Unexposed,0.9232963310360094,FALSE
51-6061.00,59.51176352302433,Complemented,0.8981380041785217,FALSE
51-6062.00,61.41859838274933,Complemented,0.909463033009459,FALSE
51-6063.00,61.74171696021676,Complemented,0.8933959576340561,FALSE
51-6064.00,55.28135842708443,Complemented,0.8464716567531498,FALSE
51-6091.00,50.785746235276584,Complemented,0.9089035576072925,FALSE
51-6092.00,77.96523130637183,Complemented,0.8884673606286799,FALSE
51-6093.00,37.78533273981749,Unexposed,0.9541480786952182,FALSE
51-7011.00,50.907640232108314,Complemented,0.9032410946566987,FALSE
51-7021.00,42.42183960126868,Unexposed,0.9302539153414419,FALSE
51-7031.00,50.86607626965481,Complemented,0.9154237608045517,FALSE
51-7032.00,52.501828822238465,Complemented,0.9427688361424114,FALSE
51-7041.00,50.13162725407623,Complemented,0.8940469111558509,FALSE
51-7042.00,50.3092349833692,Complemented,0.905043939791978,FALSE
51-8011.00,75.42390656655942,Complemented,0.9625916632106182,FALSE
51-8012.00,79.75384862091083,Complemented,0.8879734252464558,FALSE
51-8013.00,73.40385838456646,Complemented,0.9503505087692371,FALSE
51-8013.03,66.36774709883954,Complemented,0.9491707078401369,FALSE
51-8013.04,60.65677867902666,Complemented,0.939244372917806,FALSE
51-8021.00,61.17587194941212,Complemented,0.9052550882988267,FALSE
51-8031.00,65.94580022701477,Complemented,0.9035409335425445,FALSE
51-8091.00,67.95614554936589,Complemented,0.9184192056964952,FALSE
51-8092.00,70.21340075853352,Complemented,0.9177795489825566,FALSE
51-8093.00,69.97743633824004,Complemented,0.9334106979314614,FALSE
51-8099.01,69.36210680321872,Complemented,0.9505120315297296,FALSE
51-9011.00,67.68439573697968,Complemented,0.9539508671829477,FALSE
51-9012.00,57.778883709210056,Complemented,0.9226970807131332,FALSE
51-9021.00,60.065365974897475,Complemented,0.9495704172122775,FALSE
51-9022.00,49.24515936848378,Unexposed,0.9119809834861304,FALSE
51-9023.00,62.202763385146795,Complemented,0.8617750190601715,FALSE
51-9031.00,46.15401479857495,Unexposed,0.9235300400364957,FALSE
51-9032.00,51.445832520007805,Complemented,0.901177663205747,FALSE
51-9041.00,56.36203720758887,Complemented,0.8875672527561886,FALSE
51-9051.00,57.63106796116504,Complemented,0.8842073089939182,FALSE
51-9061.00,74.0868137024871,Complemented,0.8645325914737572,FALSE
51-9071.00,57.087979850616634,Complemented,0.8723657813453134,FALSE
51-9071.06,70.35939103660621,Complemented,0.863333971033781,FALSE
51-9081.00,44.11450079239303,Unexposed,0.8373093827308411,FALSE
51-9082.00,51.42565737051794,Complemented,0.8990186985676439,FALSE
51-9083.00,55.35190542070181,Complemented,0.8783114516257285,FALSE
51-9111.00,58.38398692810457,Complemented,0.8419032676601628,FALSE
51-9123.00,50.62836056931997,Complemented,0.8543594050157756,FALSE
51-9124.00,49.19855748833262,Complemented,0.8876922208490913,FALSE
51-9141.00,65.63612408671696,Complemented,0.8709793368380154,FALSE
51-9151.00,67.86708040014818,Substituted,0.8811839204920039,FALSE
51-9161.00,66.1915725456125,Complemented,0.8662802202887505,FALSE
51-9162.00,83.78797814207648,Substituted,0.8288438483830245,FALSE
51-9191.00,56.76063829787233,Complemented,0.8817821599174066,FALSE
51-9192.00,55.36079871471196,Complemented,0.9085386285357162,FALSE
51-9193.00,58.99188092016237,Complemented,0.8894603069083453,FALSE
51-9194.00,56.854195449940136,Complemented,0.9164288418170353,FALSE
51-9195.00,49.5956258171877,Complemented,0.8573165098661213,FALSE
51-9195.03,50.77814779575008,Complemented,0.8763431708201775,FALSE
51-9195.04,50.915987933635,Complemented,0.8934834973921432,FALSE
51-9195.05,46.281856890642835,Complemented,0.9226083315269583,FALSE
51-9196.00,54.59284497444633,Complemented,0.8750604155026472,FALSE
51-9197.00,44.00523202911738,Unexposed,0.866385398727007,FALSE
51-9198.00,47.071690682896275,Unexposed,0.8481905510368393,FALSE
53-1041.00,70.6687662097073,Complemented,0.8373460041348008,FALSE
53-1042.00,70.55085010952334,Complemented,0.9734050156881904,FALSE
53-1042.01,72.46424328819197,Complemented,0.9455062169905976,FALSE
53-1043.00,71.89450520138702,Complemented,0.9299727906674129,FALSE
53-2011.00,77.44655189183928,Complemented,0.9424430445913969,FALSE
53-2012.00,74.26594839807201,Complemented,0.9471787069493061,FALSE
53-2021.00,82.29273981922444,Complemented,0.9382893176420276,FALSE
53-2022.00,71.65314902965946,Complemented,0.9534213975395557,FALSE
53-2031.00,47.33551652277463,Unexposed,0.8899480152384185,FALSE
53-3011.00,32.063612099644125,Unexposed,0.9039231669675893,FALSE
53-3031.00,58.561416729464966,Complemented,0.8573724797963345,FALSE
53-3032.00,56.93540954953523,Complemented,0.9000750906808704,FALSE
53-3033.00,61.367870225013085,Complemented,0.9209858236651841,FALSE
53-3051.00,50.531315789473695,Complemented,0.8824203517096373,FALSE
53-3052.00,56.36652115513768,Complemented,0.8525729076567973,FALSE
53-3053.00,61.1571328303211,Complemented,0.921633643033954,FALSE
53-4011.00,70.00062276194926,Complemented,0.9645716568376098,FALSE
53-4013.00,56.14765794643781,Complemented,0.9301092925134378,FALSE
53-4022.00,57.3676289635589,Complemented,0.8804813349436873,FALSE
53-4031.00,75.25450975579828,Complemented,0.8791030707924633,FALSE
53-4041.00,69.98269062226117,Complemented,0.9054157620820377,FALSE
53-5011.00,46.30491741029049,Complemented,0.885060446764807,FALSE
53-5021.00,71.045458157832,Complemented,0.9350052255560941,FALSE
53-5022.00,48.28837960922579,Complemented,0.9360794769664003,FALSE
53-5031.00,61.44821501289534,Complemented,0.9056599605428175,FALSE
53-6011.00,65.47706533641563,Complemented,0.8744177609197205,FALSE
53-6021.00,49.00793248945148,Complemented,0.8832332863921959,FALSE
53-6031.00,49.58048691860464,Complemented,0.8565050643723667,FALSE
53-6041.00,75.97570479028191,Complemented,0.9129938622479653,FALSE
53-6051.00,72.8148988136776,Complemented,0.854102521136559,FALSE
53-6051.01,74.77019748653501,Complemented,0.9664073365200359,FALSE
53-6051.07,74.9687441860465,Complemented,0.959971973119126,FALSE
53-6061.00,54.42015133412981,Complemented,0.8923283294461082,FALSE
53-7011.00,53.72539461467038,Complemented,0.8435210098237484,FALSE
53-7021.00,53.979771328056295,Complemented,0.8894939993433532,FALSE
53-7031.00,57.46960249415434,Complemented,0.957619870415287,FALSE
53-7041.00,43.788760754164386,Complemented,0.9046145206873979,FALSE
53-7051.00,50.962847492855296,Complemented,0.7520443475137601,FALSE
53-7061.00,36.56708481047178,Unexposed,0.9117240329113228,FALSE
53-7062.00,45.43314538864278,Unexposed,0.8984792759799429,FALSE
53-7062.04,46.292665474060826,Complemented,0.8044293915766481,FALSE
53-7063.00,55.7385805964515,Unexposed,0.8631063244014955,FALSE
53-7064.00,42.203471941865146,Unexposed,0.9322002471125391,FALSE
53-7065.00,62.96241690813023,Complemented,0.8728864606154436,FALSE
53-7071.00,65.71897317120246,Complemented,0.8349539901947253,FALSE
53-7072.00,63.033808134546085,Complemented,0.916389766877395,FALSE
53-7073.00,49.9403379091869,Complemented,0.9105091039437798,FALSE
53-7081.00,46.242228212039535,Complemented,0.8961525543805108,FALSE
53-7121.00,58.52792438934577,Complemented,0.9082714015177319,FALSE
