soc_uk,classification,E_uk,sigma_Scotland,sigma_rUK_exLondon,dsigma,contribution
926,Complemented,46.347837608514375,0.03900001310770602,0.03193113949540555,0.0070688736123004706,-0.001412702061786173
113,Complemented,77.52041328843603,0.02680806760580259,0.03937157410080594,-0.01256350649500335,-0.0014055737106309675
613,Complemented,51.20671772745945,0.05252641670895462,0.04342369895757756,0.009102717751377054,-0.0013768721224147822
922,Unexposed,39.115021719599454,0.02313519475242352,0.01865144037087014,0.004483754381553382,-0.0012203721918528075
213,Complemented,80.92705559705641,0.03441886985358692,0.04033457520121508,-0.005915705347628156,-8.633612522519227e-4
543,Complemented,52.72531119901144,0.01513256572110172,0.01183170198158662,0.0033008637395151013,-4.491601476817223e-4
355,Complemented,78.26310193554428,0.02448594385782258,0.02744419415989468,-0.002958250302072099,-3.5293224031552695e-4
124,Complemented,77.72986740244394,0.00395927622992414,0.00684902545392181,-0.00288974922399767,-3.2935062037145176e-4
412,Substituted,80.54391496067151,0.02084031630767156,0.02308590171005866,-0.0022455854023871007,-3.191257953246706e-4
323,Complemented,53.69526376960927,0.00685139793684707,0.00456785308024379,0.00228354485660328,-2.8858068440563696e-4
911,Unexposed,40.38060432396397,0.00347541462482936,0.0024513395092599,0.00102407511556946,-2.657685767949175e-4
353,Complemented,83.43373208565374,0.00660094712538644,0.00806728664157582,-0.00146633951618938,-2.5075973095083407e-4
415,Substituted,80.78283597516783,0.01997324155442413,0.02153354652614781,-0.0015603049717236792,-0.00022546676443548958
112,Complemented,75.82028318011841,0.01164694581087078,0.01387111765988602,-0.002224171849015239,-2.1102097302711943e-4
414,Complemented,76.3348974301453,0.00729574917093759,0.00934165400015978,-0.0020459048292221895,-2.0463619340937257e-4
125,Complemented,73.69340682273217,0.01324000022470353,0.01577522728723388,-0.0025352270625303482,-1.8661156465501024e-4
421,Substituted,78.5454804871788,0.01431455123895909,0.01579981303197991,-0.0014852617930208208,-1.8139230921008343e-4
612,Complemented,48.331214155277536,0.00433930607804328,0.00337062114983249,9.686849282107904e-4,-1.7437732363043585e-4
115,Complemented,75.66804795291523,0.0076914146398096,0.00941856421540347,-0.0017271495755938702,-1.6123605836350225e-4
352,Substituted,80.64670271023923,9.415077981488174e-4,0.00204510230475592,-0.001103594506607103,-1.5796895385136197e-4
243,Complemented,80.28966007405026,0.01538985126498725,0.0164359081821152,-0.00104605691712795,-1.4599813135968148e-4
241,Complemented,71.5672290567465,0.00649140415364478,0.00877104889299493,-0.0022796447393501496,-1.1932950547609868e-4
331,Complemented,59.546861923420714,0.0149564543280709,0.01320337070935823,0.0017530836187126704,-1.189607703512792e-4
413,Substituted,77.4616205463949,0.01268404623649672,0.0137060647345662,-0.0010220184980694793,-1.1374000285465475e-4
511,Complemented,47.383828678656734,0.01196518218775103,0.0113882389566981,5.769432310529302e-4,-1.0932401805966147e-4
248,Complemented,77.6500938491124,0.00562479753275522,0.00652403381354422,-8.99236280789e-4,-1.0177044256630279e-4
117,Complemented,74.01773004359251,0.0023672517072787,0.00368869687651625,-0.0013214451692375503,-1.0155394472830875e-4
354,Complemented,81.58269960566972,0.01028336987886607,0.01094044996679892,-6.570800879328494e-4,-1.0020495270918424e-4
544,Complemented,54.1508119955167,0.00378634813692684,0.00299036788700857,7.959802499182696e-4,-9.696512955912781e-5
532,Unexposed,31.69713541707476,0.00572806753090141,0.0055549613479249,1.731061829765108e-4,-5.9956240076392976e-5
813,Complemented,57.709028997596874,0.00364693832075305,0.00296971398464749,6.772243361055602e-4,-5.840134938777203e-5
232,Complemented,70.3665219924158,0.00686150959577707,0.0082438535778893,-0.0013823439821122295,-5.576180444272321e-5
341,Complemented,64.14482100378198,0.0146806307428137,0.01215379400550371,0.00252683673730999,-5.528320004146487e-5
342,Complemented,73.99302783723435,0.0017325578564781,0.00244307231799224,-7.105144615141398e-4,-5.4427998644197094e-5
249,Complemented,75.93463380223339,0.00478730874452519,0.00534238849459214,-5.550797500669495e-4,-5.329859449219963e-5
912,Unexposed,33.025504701282514,0.00455268080676058,0.00441095473972714,1.4172606703344044e-4,-4.720492576248898e-5
123,Complemented,73.05369883509142,0.0026118976775017402,0.00321093579931981,-5.990381218180696e-4,-4.0261565712683064e-05
214,Complemented,82.49521150382125,0.00406516776927441,0.00430253348217155,-2.3736571289713956e-4,-3.836434803442207e-5
541,Unexposed,40.81673677199487,0.00137733902332609,0.00125133933659665,1.2599968672943993e-4,-3.214998734909802e-5
524,Complemented,57.105807941356154,0.01300565316635364,0.01265724812434696,3.4840504200668067e-4,-3.214682889469436e-5
921,Complemented,57.244774857007656,0.00478169115623074,0.00446651664607876,3.151745101519802e-4,-2.8642707527405324e-5
357,Complemented,74.91468270960206,0.01175536526495355,0.01207069043471331,-3.1532516975976005e-4,-2.7061267628267652e-5
111,Complemented,70.56540487779066,0.00386003217005563,0.00449566295263646,-6.356307825808303e-4,-2.690460913340858e-5
114,Complemented,81.51308003939866,7.04632825066428e-4,8.51764681241409e-4,-1.4713185617498095e-4,-2.233522908994368e-5
722,Complemented,75.02455132806892,0.00118709003308759,0.00140583540587095,-2.1874537278335996e-4,-1.9013103115959943e-5
822,Complemented,50.311726716848455,0.00452468649175993,0.00440763284902481,1.1705364273511924e-4,-1.8753089738663272e-5
224,Complemented,63.260606751824795,0.00151262927475062,9.588628128392916e-4,5.537664619113283e-4,-1.701201822932803e-5
246,Complemented,65.21405513100645,0.00779290573499589,0.00661843556627135,0.00117447016872454,-1.3137717923312892e-5
523,Complemented,48.64374087243176,0.0085640133548799,0.00852539789071951,3.861546416038947e-5,-6.830659456764875e-6
823,Complemented,64.5796990294337,0.00309135883843254,0.00280245584939816,2.8890298903438017e-4,-5.064365848087259e-6
221,Complemented,72.25480220992335,0.00990371453663323,0.00993274409998898,-2.9029563355749063e-5,-1.7191710996572998e-6
324,Complemented,49.86073228579899,8.223212998350302e-4,8.190431194362905e-4,3.2781803987396796e-6,-5.399796100991229e-7
621,Substituted,66.29701783496962,0.0066072200989819,0.00545977134994637,0.0011474487490355303,-4.0901214666445117e-7
116,Complemented,66.52463897938065,0.00202064650951151,0.00187618322415542,1.4446328535608994e-4,2.7733453667303576e-7
816,Complemented,65.41021107363798,7.84308952375959e-4,0.00115411303838534,-3.698040860093811e-4,3.4112656069190483e-6
542,Complemented,60.77907874521035,8.519072648524353e-4,9.161849627992346e-4,-6.427769794679927e-5,3.5697162327533455e-6
121,Complemented,67.73030395350693,0.00206287204819141,0.00174221906690567,3.2065298128574e-4,4.481576785273025e-6
525,Complemented,74.47000847654536,0.00153538050734312,0.00146881995500658,6.656055233654002e-5,5.41626197021206e-6
521,Complemented,48.280810530415806,0.00260543745096313,0.0026358639690637,-3.042651810056989e-5,5.492550216062424e-6
222,Complemented,70.97716819913543,0.00891923218803191,0.00877615371938495,1.4307846864696112e-4,6.645286647507132e-6
122,Complemented,72.2216034745003,0.00873797133906452,0.00854403426059189,1.9393707847262937e-4,1.1420838746456995e-5
244,Complemented,74.65674053554942,0.00797538372809374,0.00781783517112401,1.5754855696973116e-4,1.3114463743587404e-5
624,Complemented,67.46546434879612,0.0032987414729691,0.00207346036606222,0.00122528110690688,1.387999861355935e-5
343,Complemented,56.98122082973423,0.00546254285751736,0.00561134903501608,-1.4880617749872017e-4,1.3915523912934518e-5
215,Complemented,75.9058741302465,0.00318367453940457,0.00301513192532337,1.685426140812002e-4,1.613493997515198e-5
533,Complemented,69.70134172602287,0.00206605534822493,0.00155891451046713,5.071408377578001e-4,1.7083944563857305e-5
231,Complemented,61.87150838771335,0.04391652638300342,0.04432346214430597,-4.069357613025529e-4,1.815403424561166e-5
225,Complemented,67.93222282643836,0.01111140239346712,0.00975207641159381,0.0013593259818733099,2.1743229773612414e-5
322,Complemented,67.11915210698417,0.01592998237949805,0.01293136979439317,0.0029986125851048807,2.3583755733264882e-5
321,Complemented,63.355105224006515,0.00362306357050166,0.00452571949478208,-9.0265592428042e-4,2.687710335239675e-5
247,Complemented,70.58090081714576,0.0018982767111642,0.00124683507801723,6.5144163314697e-4,2.7674788597386854e-5
312,Complemented,81.90837540677268,0.00206980040708789,0.00187549820149646,1.9430220559142988e-4,3.0263952379473222e-5
631,Complemented,57.93549635005165,3.657049979683055e-4,7.28141550980259e-4,-3.624365530119535e-4,3.0434402034720382e-5
625,Complemented,71.19505079971836,9.979645605079795e-4,3.092455030936843e-4,6.887190574142952e-4,3.348819013372169e-5
356,Complemented,77.9912263210369,0.00436261906946522,0.00405552181845026,3.070972510149598e-4,3.580312689228284e-5
245,Complemented,79.80206138837843,0.01002393092613433,0.00974702788843604,2.7690303769828915e-4,3.729717277912607e-5
713,Complemented,78.76345512700568,0.00791246673919597,0.00752191476632779,3.905519728681804e-4,4.854870316459185e-5
815,Unexposed,39.525801031014154,0.00400299979214923,0.00418524446553772,-1.8224467338848974e-4,4.8854078381990646e-5
924,Complemented,53.21374321619831,0.00271685295213627,0.00316254317120711,-4.456902190708399e-4,5.846974315786711e-5
216,Complemented,79.37115913953245,0.0049962830290785,0.00451348292564131,4.828001034371896e-4,6.294987194518487e-5
811,Complemented,56.88928526373068,0.00733188898896518,0.00806241641198681,-7.305274230216307e-4,6.898646538950019e-5
311,Complemented,75.02879332659971,0.00909693523107949,0.0082886991023707,8.082361287087888e-4,7.028526558728403e-5
358,Complemented,69.70781574973753,0.00636585105526396,0.0041982035928256,0.0021676474624383593,7.316140887827626e-5
712,Complemented,61.7473197972564,0.00182375003979125,0.00342806921446424,-0.00160431917467299,7.356354322723918e-5
923,Complemented,58.83157822127841,0.00656078136908116,0.00754330999458006,-9.825286254989e-4,7.37003070118105e-5
812,Complemented,53.064417697241936,6.958319367384657e-4,0.00128749539556858,-5.916634588301144e-4,7.850336019113544e-5
351,Complemented,74.52360243043861,0.0028467128682095,0.0014579721989278,0.0013887406692816998,1.1375090446893661e-4
623,Unexposed,35.33575177340956,0.00276432157322432,0.00315425721219537,-3.899356389710498e-4,1.2086800458211287e-4
313,Complemented,79.19457964407911,0.00934644977782438,0.00832706975514418,0.0010193800226802,1.311118068966573e-4
223,Complemented,69.99801544717984,0.02561470459911953,0.02197742244140611,0.003637282157713421,1.3331920377464e-4
522,Complemented,54.130220528925015,0.00684643573385364,0.00797120517575344,-0.0011247694418998,1.3724934618406182e-4
821,Complemented,59.41023930973633,0.02609154421884626,0.0281190634693012,-0.00202751925045494,1.4035347671085142e-4
814,Complemented,53.38100949705592,0.00520291665184247,0.00630879594055196,-0.00110587928870949,1.432296557031471e-4
913,Unexposed,43.12289419182317,0.00515629066899859,0.00584512005528827,-6.888293862896801e-4,1.5987570932915075e-4
711,Substituted,70.64557642347961,0.04014188155502334,0.03596916977637238,0.004172711778650959,1.7996543861902606e-4
622,Unexposed,40.206448815689456,0.00604087357243037,0.00673730107340798,-6.964275009776096e-4,1.819501418465975e-4
211,Complemented,77.44976905701706,0.01016633678939848,0.007287308581444,0.0028790282079544805,3.200646139041918e-4
242,Complemented,84.27740571160479,0.01710995680074601,0.01505446145967743,0.0020554953410685806,3.688533465587452e-4
212,Complemented,79.34516019131877,0.02015665581223772,0.01680373719835754,0.003352918613880179,4.3629843418635175e-4
925,Complemented,56.06938004044962,0.01074157783074955,0.01499886201783765,-0.0042572841870881,4.3693713047677373e-4
721,Substituted,79.40411472218277,0.01694685948726399,0.01358060236538511,0.0033662571218788812,4.4001866823397545e-4
411,Substituted,79.35907908479095,0.01650606605909328,0.01298207085502782,0.0035239952040654592,4.590502714976161e-4
531,Unexposed,37.43049960403274,0.01956886882369573,0.02204146736808232,-0.002472598544386591,7.146344760501936e-4
611,Unexposed,47.49917568339236,0.01506122234976228,0.02033840719920153,-0.005277184849439249,9.938779491646477e-4
