soc_uk,classification,E_uk,sigma_Scotland,sigma_rUK,dsigma,contribution
113,Complemented,77.52041328843603,0.02680806760580259,0.04262918896534175,-0.01582112135953916,-0.0017139950381800675
613,Complemented,51.20671772745945,0.05252641670895462,0.04184463612633031,0.010681780582624305,-0.001653551168780796
926,Complemented,46.347837608514375,0.03900001310770602,0.03137296548494742,0.0076270476227585995,-0.0015512643085821252
922,Unexposed,39.115021719599454,0.02313519475242352,0.01804240142089198,0.00509279333153154,-0.0014041749950692408
213,Complemented,80.92705559705641,0.03441886985358692,0.04228750379992215,-0.007868633946335232,-0.0011205115628314876
355,Complemented,78.26310193554428,0.02448594385782258,0.02844007760146352,-0.003954133743640939,-4.5774144444228046e-4
543,Complemented,52.72531119901144,0.01513256572110172,0.01186905363729052,0.0032635120838112007,-4.556357131896486e-4
243,Complemented,80.28966007405026,0.01538985126498725,0.01862374633145231,-0.0032338950664650597,-4.3990138935831965e-4
353,Complemented,83.43373208565374,0.00660094712538644,0.00860092638684948,-0.0019999792614630394,-3.3493465442489725e-4
911,Unexposed,40.38060432396397,0.00347541462482936,0.00224742680006648,0.0012279878247628802,-3.230371957909243e-4
323,Complemented,53.69526376960927,0.00685139793684707,0.00446960755615501,0.0023817903806920603,-3.0943177262742264e-4
412,Substituted,80.54391496067151,0.02084031630767156,0.02303689530415153,-0.002196578996479969,-3.043819119764861e-4
124,Complemented,77.72986740244394,0.00395927622992414,0.00658266424981177,-0.0026233880198876297,-2.897018327582281e-4
511,Complemented,47.383828678656734,0.01196518218775103,0.01051331215221921,0.0014518700355318197,-2.802544298756796e-4
125,Complemented,73.69340682273217,0.01324000022470353,0.01637185705552719,-0.0031318568308236604,-2.1943608914745333e-4
612,Complemented,48.331214155277536,0.00433930607804328,0.00318836462639019,0.0011509414516530903,-2.1126234210200223e-4
421,Substituted,78.5454804871788,0.01431455123895909,0.01598698504040912,-0.0016724338014500288,-1.9832815087006094e-4
414,Complemented,76.3348974301453,0.00729574917093759,0.00931821979805842,-0.0020224706271208303,-1.9512941659840193e-4
415,Substituted,80.78283597516783,0.01997324155442413,0.02129816596043578,-0.0013249244060116495,-1.8676148026068075e-4
241,Complemented,71.5672290567465,0.00649140415364478,0.01019477401435518,-0.0037033698607104003,-1.8073938657857215e-4
352,Substituted,80.64670271023923,9.415077981488174e-4,0.0022332790988258,-0.0012917713006769826,-1.8032968468287313e-4
331,Complemented,59.546861923420714,0.0149564543280709,0.01255240744044135,0.0024040468876295497,-1.716480772189578e-4
249,Complemented,75.93463380223339,0.00478730874452519,0.00658629207740795,-0.00179898333288276,-1.663665262139461e-4
112,Complemented,75.82028318011841,0.01164694581087078,0.01335346317628553,-0.00170651736541475,-1.5586403776917247e-4
354,Complemented,81.58269960566972,0.01028336987886607,0.01129629486083595,-0.0010129249819698788,-1.5088402795940332e-4
115,Complemented,75.66804795291523,0.0076914146398096,0.00935181232466085,-0.0016603976848512496,-1.4912400617211319e-4
523,Complemented,48.64374087243176,0.0085640133548799,0.00788182319376455,6.821901611153511e-4,-1.2308814953204862e-4
214,Complemented,82.49521150382125,0.00406516776927441,0.00483418356996052,-7.690158006861099e-4,-1.2156898457836434e-4
912,Unexposed,33.025504701282514,0.00455268080676058,0.00420376795264367,3.4891285411690984e-4,-1.1744867586929933e-4
544,Complemented,54.1508119955167,0.00378634813692684,0.00285531517814145,9.310329587853897e-4,-1.1671441941124528e-4
532,Unexposed,31.69713541707476,0.00572806753090141,0.00540890087748637,3.1916665341504e-4,-1.1167542355217577e-4
248,Complemented,77.6500938491124,0.00562479753275522,0.00646613578299237,-8.413382502371501e-4,-9.223816831997858e-5
117,Complemented,74.01773004359251,0.0023672517072787,0.0036112090055275,-0.0012439572982488002,-9.119331946993067e-5
813,Complemented,57.709028997596874,0.00364693832075305,0.0026641228791319,9.8281544162115e-4,-8.823517241904537e-5
524,Complemented,57.105807941356154,0.01300565316635364,0.01212664592430758,8.790072420460596e-4,-8.4217840059003e-5
342,Complemented,73.99302783723435,0.0017325578564781,0.00280941778755107,-0.0010768599310729701,-7.867756317802954e-5
822,Complemented,50.311726716848455,0.00452468649175993,0.00409593304990441,4.2875344185551965e-4,-7.020880054570434e-5
111,Complemented,70.56540487779066,0.00386003217005563,0.00504092015987761,-0.0011808879898219803,-4.580167555352864e-5
232,Complemented,70.3665219924158,0.00686150959577707,0.00804391849740703,-0.0011824089016299593,-4.3509056381563636e-5
921,Complemented,57.244774857007656,0.00478169115623074,0.00432430438389165,4.5738677233909e-4,-4.318669164479097e-5
521,Complemented,48.280810530415806,0.00260543745096313,0.00239109373118167,2.1434371978146021e-4,-3.9452137602119844e-5
413,Substituted,77.4616205463949,0.01268404623649672,0.01305014703940592,-3.661008029091986e-4,-3.94466104033192e-5
244,Complemented,74.65674053554942,0.00797538372809374,0.00841080838758368,-4.354246594899386e-4,-3.470297448538535e-5
123,Complemented,73.05369883509142,0.0026118976775017402,0.00312074158944365,-5.088439119419097e-4,-3.2397446271781284e-5
242,Complemented,84.27740571160479,0.01710995680074601,0.01725140278341808,-1.4144598267206918e-4,-2.4881168739231766e-5
722,Complemented,75.02455132806892,0.00118709003308759,0.00148216177337732,-2.9507174028972996e-4,-2.4602272078158332e-5
221,Complemented,72.25480220992335,0.00990371453663323,0.01030945138007768,-4.0573684344445e-4,-2.2591332089484727e-5
224,Complemented,63.260606751824795,0.00151262927475062,8.605636778033592e-4,6.520655969472608e-4,-2.234119511043403e-5
114,Complemented,81.51308003939866,7.04632825066428e-4,8.468291687718121e-4,-1.4219634370538406e-4,-2.1082391563102193e-5
541,Unexposed,40.81673677199487,0.00137733902332609,0.00129863832176926,7.87007015568299e-5,-2.0359941488562146e-5
246,Complemented,65.21405513100645,0.00779290573499589,0.00677314585822162,0.0010197598767742698,-1.5018723454162228e-5
324,Complemented,49.86073228579899,8.223212998350302e-4,7.400603019321083e-4,8.226099790292188e-5,-1.3841312359846097e-5
357,Complemented,74.91468270960206,0.01175536526495355,0.01191530637318075,-1.5994110822720002e-4,-1.3159725666528768e-5
341,Complemented,64.14482100378198,0.0146806307428137,0.01421851412148006,4.621166213336393e-4,-1.1747026268249233e-5
811,Complemented,56.88928526373068,0.00733188898896518,0.00724999445909247,8.189452987270984e-5,-8.023649688576733e-6
823,Complemented,64.5796990294337,0.00309135883843254,0.00271926751136266,3.7209132706988004e-4,-7.84043563337834e-6
621,Substituted,66.29701783496962,0.0066072200989819,0.00557700399584963,0.0010302161031322705,-4.015863512620249e-6
222,Complemented,70.97716819913543,0.00891923218803191,0.00895296614902993,-3.373396099802008e-5,-1.4473024615479702e-6
116,Complemented,66.52463897938065,0.00202064650951151,0.00174818318146068,2.724633280508299e-4,-4.4189936728212676e-7
542,Complemented,60.77907874521035,8.519072648524353e-4,8.782069851332947e-4,-2.6299720280859398e-5,1.5537209269668806e-6
816,Complemented,65.41021107363798,7.84308952375959e-4,0.00101921295842167,-2.34904006045711e-4,2.9988189254941873e-6
121,Complemented,67.73030395350693,0.00206287204819141,0.00154566941592091,5.172026322704999e-4,5.3968969361720754e-6
245,Complemented,79.80206138837843,0.01002393092613433,0.00994992457506776,7.400635106656964e-5,9.70610735843071e-6
624,Complemented,67.46546434879612,0.0032987414729691,0.00199129721346975,0.00130744425949935,1.0180266168965307e-5
343,Complemented,56.98122082973423,0.00546254285751736,0.00557546692083166,-1.1292406331430034e-4,1.0959963401427939e-5
322,Complemented,67.11915210698417,0.01592998237949805,0.01266193643123806,0.0032680459482599903,1.412862525936039e-5
533,Complemented,69.70134172602287,0.00206605534822493,0.0015585279574691,5.075273907558301e-4,1.5299494473741738e-5
525,Complemented,74.47000847654536,0.00153538050734312,0.00133679249036051,1.9858801698260996e-4,1.5456468311751238e-5
356,Complemented,77.9912263210369,0.00436261906946522,0.00421909738360247,1.4352168586275003e-4,1.622426633185883e-5
225,Complemented,67.93222282643836,0.01111140239346712,0.00971261176167489,0.00139879063179223,1.7420498175998747e-5
815,Unexposed,39.525801031014154,0.00400299979214923,0.00407113325351231,-6.813346136308029e-5,1.85057462563187e-5
231,Complemented,61.87150838771335,0.04391652638300342,0.04432742547256255,-4.1089908955913024e-4,1.978609504175603e-5
247,Complemented,70.58090081714576,0.0018982767111642,0.00125689764480275,6.4137906636145e-4,2.4975782557669013e-5
321,Complemented,63.355105224006515,0.00362306357050166,0.00437828381409266,-7.552202435909998e-4,2.5161827579459543e-5
122,Complemented,72.2216034745003,0.00873797133906452,0.00824512657556593,4.9284476349859e-4,2.7277862377510426e-5
312,Complemented,81.90837540677268,0.00206980040708789,0.001889594083114,1.8020632397389006e-4,2.743019515817745e-5
215,Complemented,75.9058741302465,0.00318367453940457,0.00286630609090436,3.173684485002102e-4,2.9258350933882584e-5
631,Complemented,57.93549635005165,3.657049979683055e-4,7.112855964881571e-4,-3.4558059851985164e-4,3.024289638483983e-5
625,Complemented,71.19505079971836,9.979645605079795e-4,2.751529559051687e-4,7.228116046028108e-4,3.258597410113353e-5
924,Complemented,53.21374321619831,0.00271685295213627,0.00296123286903034,-2.443799168940701e-4,3.292550780445355e-5
216,Complemented,79.37115913953245,0.0049962830290785,0.00462796760222693,3.6831542685156985e-4,4.671835680968998e-5
913,Unexposed,43.12289419182317,0.00515629066899859,0.0053945135247644,-2.3822285576581038e-4,5.6134670596255814e-05
522,Complemented,54.130220528925015,0.00684643573385364,0.00733250894325613,-4.860732094024902e-4,6.103429380168017e-5
812,Complemented,53.064417697241936,6.958319367384657e-4,0.00114869913291945,-4.5286719618098424e-4,6.169141722532886e-5
814,Complemented,53.38100949705592,0.00520291665184247,0.00571492755525788,-5.120109034154104e-4,6.812722980504048e-5
358,Complemented,69.70781574973753,0.00636585105526396,0.00399056077273157,0.0023752902825323894,7.175728282069221e-5
712,Complemented,61.7473197972564,0.00182375003979125,0.00343181747601076,-0.00160806743621951,7.943058611291465e-5
713,Complemented,78.76345512700568,0.00791246673919597,0.00724162318493546,6.708435542605098e-4,8.101529000758962e-5
923,Complemented,58.83157822127841,0.00656078136908116,0.00775230396389004,-0.0011915225948088805,9.359704872105538e-5
821,Complemented,59.41023930973633,0.02609154421884626,0.02740191564833105,-0.0013103714294847926,9.53503092470858e-5
313,Complemented,79.19457964407911,0.00934644977782438,0.008545748699242,8.007010785823793e-4,1.0014972064666895e-4
311,Complemented,75.02879332659971,0.00909693523107949,0.00782138143741272,0.00127555379366677,1.0640628438416811e-4
351,Complemented,74.52360243043861,0.0028467128682095,0.00139816806110497,0.0014485448071045299,1.135192222103215e-4
223,Complemented,69.99801544717984,0.02561470459911953,0.02151348868445864,0.0041012159146608905,1.357990404149633e-4
622,Unexposed,40.206448815689456,0.00604087357243037,0.00667938428212539,-6.385107096950199e-4,1.6908004244569887e-4
623,Unexposed,35.33575177340956,0.00276432157322432,0.00332785831619315,-5.6353674296883e-4,1.7667482095500201e-4
711,Substituted,70.64557642347961,0.04014188155502334,0.0349236335679929,0.005218247987030439,2.0657742935297177e-4
211,Complemented,77.44976905701706,0.01016633678939848,0.00731232037191794,0.0028540164174805406,3.071761700925932e-4
925,Complemented,56.06938004044962,0.01074157783074955,0.0139054631761533,-0.0031638853454037507,3.359238076343566e-4
721,Substituted,79.40411472218277,0.01694685948726399,0.01347851993030141,0.003468339556962581,4.410787653397672e-4
411,Substituted,79.35907908479095,0.01650606605909328,0.01255688644398835,0.003949179615104929,5.004500470027022e-4
212,Complemented,79.34516019131877,0.02015665581223772,0.0159515331488656,0.00420512266337212,5.322984920272197e-4
531,Unexposed,37.43049960403274,0.01956886882369573,0.02158449989752007,-0.0020156310738243394,5.896996000762617e-4
611,Unexposed,47.49917568339236,0.01506122234976228,0.01995789439167438,-0.0048966720419121,9.395562944135779e-4
